1,'Riley-Terry','Who call up share.','http://www.cooper.com/','https://dummyimage.com/105x841',true,'2023-11-05 05:21:51.840669','2024-01-16 06:15:45.759897'
2,'Lane-Mercado','Machine if social some condition enter stock relationship.','https://williams.com/','https://dummyimage.com/325x873',false,'2017-05-01 23:47:52.328292','2017-11-14 01:21:26.231997'
3,'Cook-Pena','Fast difference fight.','http://kirby.com/','https://picsum.photos/673/204',false,'2018-01-10 15:26:18.256957','2023-03-18 06:13:38.463164'
4,'Sanchez-Matthews','Toward one personal bill civil find performance.','http://charles.com/','https://placekitten.com/889/59',false,'2016-12-28 00:18:25.81268','2017-12-23 19:23:00.459129'
5,'Martin-Khan','Worker down nature feeling.','http://www.martin-colon.info/','https://placekitten.com/807/21',true,'2023-06-15 03:57:13.812122','2023-08-02 10:38:22.360264'
6,'Johnson-Robinson','Choice stock recognize look.','http://www.gibson.org/','https://dummyimage.com/386x834',false,'2017-10-08 11:44:21.108891','2022-01-25 21:35:09.996969'
7,'Garner-Patrick','By deep article top.','http://roberts.com/','https://picsum.photos/394/927',true,'2015-10-03 08:38:10.160342','2022-05-09 22:17:12.469151'
8,"'Weaver, Martin and Norris'",'Wall use despite fine sign one.','http://salazar.com/','https://dummyimage.com/574x701',false,'2021-02-22 21:30:42.923766','2022-01-11 14:23:23.331682'
9,'Lee and Sons','Increase table any full traditional light.','http://kim-burton.com/','https://picsum.photos/746/602',false,'2023-03-19 06:44:06.804411','2024-02-11 09:07:00.499469'
10,'Walsh Group','Difference nothing in site.','http://bentley.com/','https://picsum.photos/572/663',true,'2014-12-17 16:45:16.940535','2017-01-05 22:58:02.891644'
11,"'Mcintosh, Anderson and Moore'",'Do serious sort computer audience model us rock.','https://lang.com/','https://dummyimage.com/717x941',false,'2016-12-18 13:30:10.998313','2017-04-07 22:24:43.288716'
12,"'Esparza, Hoover and Thornton'",'Risk particular push.','http://leon.com/','https://placekitten.com/643/533',true,'2015-02-24 07:32:15.398383','2021-07-21 02:35:26.046044'
13,'Daniel LLC','Live nation energy huge social.','https://fitzgerald.com/','https://dummyimage.com/146x100',true,'2020-09-07 13:03:23.890847','2021-05-05 17:18:24.795376'
14,"'Cantrell, Norman and Hill'",'Work somebody onto resource exactly support.','https://castaneda.info/','https://dummyimage.com/658x475',true,'2022-11-03 18:10:45.72259','2023-04-03 15:52:05.658054'
15,"'Erickson, King and Thompson'",'Or network little at.','https://decker-frazier.com/','https://placekitten.com/874/984',true,'2017-11-10 03:30:53.875469','2018-08-18 09:51:56.11325'
16,'Powell Group','Everybody game operation throw.','https://barnett-joseph.com/','https://dummyimage.com/178x271',true,'2019-04-01 09:44:30.099491','2021-03-19 04:02:19.208769'
17,"'Houston, Barnes and Cobb'",'Whom wish home teacher.','http://anderson-stephenson.com/','https://dummyimage.com/53x750',false,'2017-04-28 06:24:07.877851','2020-04-27 06:06:55.353301'
18,'Wright-Ellis','Knowledge peace young smile fear put exist.','http://www.rice.com/','https://placekitten.com/755/336',false,'2016-12-26 12:43:23.048','2017-03-29 04:32:00.289993'
19,'Schroeder-Palmer','One wish sound us one simple.','http://www.powers-alexander.com/','https://placekitten.com/608/963',true,'2019-09-18 17:20:17.553418','2022-01-31 11:46:29.194328'
20,'Dennis and Sons','General decade military political red institution.','https://www.hicks.org/','https://placekitten.com/16/79',true,'2020-04-17 18:53:16.104613','2023-06-11 08:49:04.487698'
21,"'Camacho, Day and Cooley'",'Table young return.','http://www.garrison.com/','https://picsum.photos/668/134',true,'2017-07-21 09:18:16.594734','2020-03-27 10:46:21.813678'
22,'Gonzalez-Strong','Article discussion population.','https://wilson.com/','https://picsum.photos/1000/524',false,'2022-05-09 11:44:08.290077','2023-07-25 07:45:45.414587'
23,"'Winters, Ray and Jones'",'Middle perhaps team realize may success.','http://harmon.com/','https://picsum.photos/878/916',true,'2020-10-24 21:39:11.371068','2021-07-21 01:02:24.355638'
24,'Acevedo-Adkins','Various beyond especially position here official throughout truth.','https://robertson.biz/','https://placekitten.com/196/944',true,'2016-04-08 02:17:22.75307','2019-05-15 14:23:30.109481'
25,"'Fletcher, Bradford and Spence'",'Ground remember instead where culture full training.','https://cross.biz/','https://placekitten.com/726/302',true,'2023-02-24 06:03:50.943146','2024-02-13 04:49:45.697748'
26,'Jones Group','Fire top treatment fight participant teach small.','http://peters.org/','https://picsum.photos/226/205',false,'2022-09-27 19:16:02.309005','2023-05-30 19:18:52.845016'
27,'Kelley-Davis','Produce make on animal term right simple.','https://www.stevenson-lindsey.com/','https://dummyimage.com/861x887',false,'2021-01-25 22:03:56.209727','2021-12-23 03:56:35.040474'
28,"'Brown, Zhang and Edwards'",'Capital ready analysis role think.','http://www.hernandez.com/','https://placekitten.com/181/317',true,'2022-03-25 08:37:19.272704','2023-11-08 01:51:12.155655'
29,'Montgomery Ltd','Face rest try energy movie race people.','https://www.west-raymond.biz/','https://picsum.photos/579/780',true,'2021-11-23 05:10:48.350521','2022-11-19 00:50:03.701846'
30,"'Williams, Brewer and Beck'",'Loss building person own.','https://davies-hoffman.com/','https://picsum.photos/817/283',false,'2020-12-05 15:07:02.864113','2021-01-27 07:06:45.837595'
31,'Black Inc','Despite teacher guy produce interest firm remember news.','https://www.johnson.com/','https://picsum.photos/212/498',false,'2019-01-09 06:41:41.082333','2023-01-10 03:53:57.422151'
32,'Frost-Roberts','Manage for involve page science and alone.','https://www.petersen.com/','https://picsum.photos/842/312',true,'2020-01-05 09:48:43.993421','2022-06-26 13:40:31.743041'
33,'Smith-Nelson','Letter similar head today particular number sign.','https://www.ford.com/','https://picsum.photos/956/460',true,'2017-08-15 06:46:38.840282','2022-08-16 22:59:20.2427'
34,'Herrera-Guerra','Term authority whom personal.','http://www.fletcher-alvarez.com/','https://picsum.photos/273/499',true,'2020-10-26 00:42:15.991921','2020-11-20 15:08:37.565502'
35,'Mason Inc','Yes reduce until hold response.','http://perkins.com/','https://placekitten.com/578/887',false,'2021-12-30 04:35:11.670831','2022-09-29 09:29:37.963502'
36,'Kennedy Inc','Rich federal up peace.','https://www.ray.net/','https://placekitten.com/991/533',false,'2024-02-13 06:47:18.992129','2024-02-15 09:28:52.723096'
37,"'Rodriguez, Ortega and Gardner'",'Make ago day.','https://www.yates-crane.com/','https://picsum.photos/236/690',true,'2016-11-11 06:49:32.400867','2024-02-12 16:01:15.842123'
38,'Wells PLC','Agency accept pick rule quite participant.','https://bailey-crawford.com/','https://dummyimage.com/186x691',false,'2019-05-29 07:42:13.009552','2023-06-17 14:50:10.449986'
39,'Perkins and Sons','Plan short need without daughter avoid weight.','http://www.johnson-foster.com/','https://picsum.photos/110/802',false,'2014-06-29 17:08:26.781025','2023-03-02 05:03:56.246236'
40,"'Morrison, Ramirez and Owens'",'Commercial Mrs through land toward control.','https://blackburn.biz/','https://dummyimage.com/899x403',true,'2017-07-25 02:01:48.013776','2017-08-29 02:59:41.528291'
41,"'Wolf, Nicholson and Martin'",'Head smile around.','https://www.warren.com/','https://dummyimage.com/158x815',true,'2017-02-16 21:42:01.635206','2021-12-05 00:00:34.654087'
42,'Boyd-Byrd','Thing national morning.','https://www.gonzalez-bush.org/','https://placekitten.com/562/628',false,'2019-04-03 13:33:42.374521','2022-06-19 08:52:14.634848'
43,"'Stone, Rodriguez and Dominguez'",'Yes letter able myself wrong vote same.','http://williams.com/','https://dummyimage.com/169x928',false,'2019-02-05 08:40:25.917668','2022-10-06 05:08:30.253175'
44,"'Schwartz, Hunter and Mack'",'Believe century writer service conference available.','http://hernandez.biz/','https://dummyimage.com/1010x473',false,'2015-08-07 08:59:03.331897','2019-07-26 11:06:08.271778'
45,'Young and Sons','Nearly policy seek fact.','http://hughes-snyder.org/','https://placekitten.com/940/86',true,'2018-11-21 18:15:21.24633','2020-11-15 09:25:45.770797'
46,'Benton-Garrison','Wife industry dark begin.','http://allen-bridges.net/','https://dummyimage.com/93x494',true,'2020-02-05 14:42:14.578825','2023-12-04 14:56:43.528905'
47,'Mitchell PLC','Thought relationship you drive skill.','http://kennedy-johnston.info/','https://picsum.photos/844/232',true,'2022-08-07 09:11:53.268614','2023-07-11 21:36:12.644202'
48,'Brown-Wade','Money fund much west do.','http://lynch.com/','https://dummyimage.com/906x251',true,'2019-01-02 05:51:51.610866','2021-09-07 01:18:39.454433'
49,'Santos-Jordan','Product two at poor.','https://www.jones.info/','https://dummyimage.com/242x831',false,'2015-11-19 12:43:45.58082','2016-08-27 23:09:47.936121'
50,"'Keith, Aguilar and Gordon'",'Mean wide room employee product two.','https://payne.net/','https://picsum.photos/455/167',false,'2021-07-12 20:46:14.977339','2022-07-22 07:00:00.148029'
51,'Bryant-Marsh','Place eight order bed past until.','http://gutierrez.com/','https://picsum.photos/70/122',true,'2021-10-22 15:02:44.664325','2023-06-17 04:48:29.001806'
52,"'Anderson, Li and Barry'",'Fill Mr long cover interesting party.','http://www.smith.org/','https://dummyimage.com/894x920',false,'2015-03-23 18:58:47.012995','2021-04-03 13:55:49.384392'
53,"'Bates, Cooper and Lester'",'Develop draw room resource.','http://www.harris.org/','https://placekitten.com/482/807',true,'2014-05-02 04:17:49.619561','2019-11-04 12:43:46.05281'
54,'Thornton PLC','Program produce more seem west policy.','https://www.rios.net/','https://dummyimage.com/651x619',false,'2019-06-06 17:15:33.243257','2020-04-08 15:39:57.665406'
55,'Maldonado Group','Shake something feel.','http://www.wilson.net/','https://picsum.photos/1010/884',true,'2015-05-10 23:53:27.38573','2022-02-24 20:22:00.812526'
56,"'Davis, Wood and Smith'",'Sister nearly go.','http://rivera.com/','https://picsum.photos/693/26',true,'2020-01-22 03:10:45.644972','2023-04-28 19:17:07.644083'
57,'Carpenter Group','Media team drop scene.','https://www.anderson.com/','https://dummyimage.com/515x972',false,'2019-11-23 06:31:01.586803','2021-01-05 10:57:49.862769'
58,"'Lee, Richardson and Newton'",'Positive offer necessary but.','https://www.wagner-vaughn.org/','https://placekitten.com/469/428',true,'2018-07-07 15:58:01.971348','2020-09-07 18:34:17.317589'
59,'Duncan Inc','Treat course contain quickly significant.','https://www.lee.com/','https://picsum.photos/879/60',true,'2016-07-19 05:37:46.21634','2016-10-10 16:00:35.439493'
60,'Rivera-Shaffer','Worry begin mother left occur box.','http://gill-gonzalez.info/','https://picsum.photos/1015/974',true,'2022-02-05 08:34:16.111223','2023-04-17 12:42:19.048175'
61,"'Lee, Rios and Long'",'Hospital range story agree.','http://martin.com/','https://placekitten.com/334/78',true,'2024-02-10 07:28:35.139241','2024-02-12 20:38:41.902546'
62,'Anderson-Davis','Pm spring officer industry campaign.','http://mckee.com/','https://dummyimage.com/671x341',true,'2018-12-09 10:22:31.786753','2019-08-07 21:14:38.29202'
63,"'Vincent, Bullock and Mahoney'",'Because month think key mean example certain.','http://www.cook-mccarthy.biz/','https://dummyimage.com/385x396',true,'2021-03-15 02:38:00.786682','2022-10-11 17:00:38.127093'
64,'Mcfarland Inc','Any five resource approach.','https://www.medina.com/','https://placekitten.com/742/222',true,'2017-10-17 00:49:57.406889','2022-02-25 21:12:15.868176'
65,'Smith Ltd','Community want training many west.','https://www.mathews-thompson.info/','https://placekitten.com/354/499',false,'2017-07-09 15:07:15.873783','2017-07-09 16:48:44.427957'
66,"'Martin, Matthews and Jones'",'Woman star TV Congress last.','https://www.daniels-lee.com/','https://dummyimage.com/256x372',true,'2019-03-04 10:20:55.499558','2019-08-22 13:52:49.750868'
67,'Diaz PLC','Say stand fine charge woman team fire.','http://www.drake.com/','https://placekitten.com/57/957',true,'2020-04-26 05:29:08.446846','2021-12-15 11:58:59.013972'
68,'Ramos Ltd','Adult nation budget whose vote can light.','https://www.perez.net/','https://dummyimage.com/78x589',true,'2016-02-18 13:35:15.744721','2022-07-30 21:01:52.390525'
69,"'Price, Johnson and Best'",'Evidence pretty specific maintain true yard.','https://www.madden-anderson.com/','https://picsum.photos/585/144',false,'2015-03-31 09:25:18.868671','2016-11-29 10:56:03.933061'
70,'Stanton Inc','Staff office short.','http://chambers.com/','https://dummyimage.com/333x107',true,'2023-07-28 07:55:15.056183','2023-12-22 09:37:34.439816'
71,"'Myers, Shah and Lozano'",'Player water authority reach possible design guy decision.','http://knight.org/','https://dummyimage.com/909x338',true,'2023-10-18 23:57:53.331277','2024-01-18 10:50:27.883066'
72,'Meyer PLC','Place detail by catch.','https://sims.com/','https://picsum.photos/301/395',false,'2018-01-15 18:15:21.684667','2022-11-19 15:29:18.7305'
73,'Thomas-Jenkins','Way prepare really hit morning mother choice.','https://rios.net/','https://dummyimage.com/724x952',false,'2021-08-20 14:19:15.717156','2022-11-05 21:27:52.135242'
74,'Bryant-Stokes','He close official next network start serious.','https://www.ortiz-allen.com/','https://picsum.photos/763/284',true,'2022-06-21 22:10:06.556367','2023-04-11 20:42:19.318596'
75,'King-Mejia','Step sometimes Democrat federal fact economy friend.','http://www.cunningham-delgado.com/','https://dummyimage.com/481x802',true,'2016-06-07 08:19:30.503362','2017-07-09 09:42:48.029326'
76,"'Wilson, Vasquez and Cabrera'",'Story dark bank key trial.','http://sullivan-lee.com/','https://picsum.photos/813/628',false,'2017-06-11 00:51:12.552963','2018-01-04 08:27:22.04531'
77,'Kennedy Inc','Strong people soon party pull western information right.','http://www.matthews-solis.org/','https://picsum.photos/777/793',true,'2016-02-29 08:20:26.315704','2021-05-21 14:18:29.478172'
78,"'Brooks, Jones and Ryan'",'Choice paper owner guy take language any security.','http://www.lambert.org/','https://picsum.photos/445/534',false,'2016-12-28 22:11:09.584357','2019-08-04 12:11:03.48145'
79,"'Lewis, Parsons and Esparza'",'Out result somebody almost.','http://lewis.com/','https://picsum.photos/840/641',false,'2014-07-14 00:26:35.899499','2016-08-29 22:17:40.010809'
80,"'Le, Allen and Mitchell'",'Maybe option lawyer daughter any.','https://www.moore-young.net/','https://picsum.photos/73/283',false,'2016-06-14 14:33:37.434672','2023-11-26 17:48:38.49051'
81,'Hernandez LLC','Score edge head stuff main high represent.','https://lyons-jones.net/','https://picsum.photos/148/726',false,'2017-04-03 14:16:04.149487','2018-07-06 14:06:05.51344'
82,'Cook-Hart','Police look represent particularly all full determine.','https://www.castillo-parsons.com/','https://dummyimage.com/323x850',true,'2016-05-02 19:34:54.961177','2018-02-19 08:26:21.446427'
83,'Wilson-Freeman','Behavior job there agree mother environmental research.','http://mata.org/','https://placekitten.com/194/701',false,'2015-05-14 13:33:56.519067','2019-10-19 09:17:44.700441'
84,'Baker and Sons','Degree over capital control yourself wall.','https://sweeney.net/','https://dummyimage.com/215x923',true,'2022-01-16 09:46:48.667163','2023-01-19 13:52:45.121655'
85,'Roman Group','Stay arm first teach myself artist memory mother.','https://www.bell-blackwell.com/','https://placekitten.com/839/356',false,'2021-03-18 04:40:24.820286','2022-03-10 11:25:10.833699'
86,'Hunt Ltd','Upon agent like management tell.','http://www.lee.info/','https://dummyimage.com/268x241',true,'2022-12-16 04:28:03.543506','2024-01-31 01:39:17.974488'
87,'Walton PLC','Security bag short now of see also ground.','https://brooks.org/','https://picsum.photos/930/426',false,'2016-10-17 14:24:19.015747','2022-11-27 01:21:36.58377'
88,'Cruz and Sons','Suggest join speak leave.','https://cochran.com/','https://picsum.photos/693/91',true,'2017-08-07 21:25:27.840383','2019-05-04 15:27:33.39028'
89,'Brady-Rodriguez','Always nor value activity attorney.','http://watson-hancock.net/','https://placekitten.com/357/870',false,'2015-09-05 22:18:16.074692','2015-11-13 14:55:46.907072'
90,"'Harris, Salazar and Smith'",'Again history pass hand prevent.','https://www.montgomery.com/','https://picsum.photos/370/642',true,'2019-08-15 17:04:04.860911','2022-09-07 04:23:36.521339'
91,"'Garrison, Lopez and Clark'",'Congress we grow finish.','http://www.santiago-rubio.com/','https://picsum.photos/134/53',true,'2021-07-03 16:38:11.085261','2023-02-27 18:32:42.103032'
92,'Medina PLC','Major arrive decision last seat degree.','http://guzman.com/','https://placekitten.com/177/75',true,'2019-09-19 11:43:44.004469','2022-02-17 03:32:55.406692'
93,'Richardson Ltd','Nothing after do address.','http://www.lane.info/','https://dummyimage.com/838x459',true,'2014-10-02 10:04:24.192435','2015-07-08 22:10:23.716608'
94,'Anderson LLC','Evidence public increase never past collection might apply.','http://williams.biz/','https://dummyimage.com/245x732',false,'2018-08-16 10:22:55.82241','2021-11-25 19:13:47.276823'
95,"'Mendez, Frey and Ball'",'Fact quickly offer dinner water.','https://barnes-gonzales.com/','https://picsum.photos/608/429',false,'2016-04-11 15:37:48.518005','2019-12-08 06:11:32.203902'
96,"'Horn, Francis and King'",'Show decide scene reveal three law.','https://www.griffin-graves.com/','https://dummyimage.com/623x959',true,'2014-05-06 09:54:54.852978','2015-08-18 18:48:16.541173'
97,"'Watkins, Taylor and Vazquez'",'Focus against check sing.','http://olsen.com/','https://placekitten.com/624/618',true,'2018-11-25 23:38:17.529938','2019-05-02 22:43:40.392532'
98,'Ho PLC','Budget information baby site ask trip.','http://ellis-nichols.com/','https://placekitten.com/385/354',false,'2015-07-29 20:49:23.945093','2022-12-12 23:17:30.757404'
99,"'Thompson, Smith and Garcia'",'Issue movement person.','https://www.acosta.org/','https://placekitten.com/205/967',false,'2020-12-26 14:46:51.591485','2023-12-11 14:22:16.418424'
100,"'Thompson, Mccall and Blackburn'",'Yet protect guess very kitchen author recent investment.','https://www.powell-pittman.biz/','https://picsum.photos/503/82',true,'2021-07-21 16:04:26.800391','2023-10-29 23:40:55.220914'
